Pile,Pile,Pile,カスタム名詞
うっちー,うっちー,うっちー,カスタム名詞
えみつん,えみつん,えみつん,カスタム名詞
えりち,えりち,えりち,カスタム名詞
かよちん,かよちん,かよちん,カスタム名詞
くっすん,くっすん,くっすん,カスタム名詞
ことり,ことり,ことり,カスタム名詞
そらまる,そらまる,そらまる,カスタム名詞
にこ,にこ,にこ,カスタム名詞
にこにー,にこにー,にこにー,カスタム名詞
にこまき,にこまき,にこまき,カスタム名詞
のぞえり,のぞえり,のぞえり,カスタム名詞
のぞみ,のぞみ,のぞみ,カスタム名詞
のんたん,のんたん,のんたん,カスタム名詞
ぱなよ,ぱなよ,ぱなよ,カスタム名詞
ほのか,ほのか,ほのか,カスタム名詞
まきちゃん,まきちゃん,まきちゃん,カスタム名詞
みもりん,みもりん,みもりん,カスタム名詞
りっぴー,りっぴー,りっぴー,カスタム名詞
りん,りん,りん,カスタム名詞
ナンジョルノ,ナンジョルノ,ナンジョルノ,カスタム名詞
プランタン,プランタン,プランタン,カスタム名詞
リリホワ,リリホワ,リリホワ,カスタム名詞
三森すずこ,三森すずこ,三森すずこ,カスタム名詞
久保ユリカ,久保ユリカ,久保ユリカ,カスタム名詞
内田彩,内田彩,内田彩,カスタム名詞
南ことり,南ことり,南ことり,カスタム名詞
南小鳥,南小鳥,南小鳥,カスタム名詞
南條愛乃,南條愛乃,南條愛乃,カスタム名詞
園田海未,園田海未,園田海未,カスタム名詞
室田雄平,室田雄平,室田雄平,カスタム名詞
小泉花陽,小泉花陽,小泉花陽,カスタム名詞
徳井青空,徳井青空,徳井青空,カスタム名詞
新田恵海,新田恵海,新田恵海,カスタム名詞
星空凛,星空凛,星空凛,カスタム名詞
東條希,東條希,東條希,カスタム名詞
楠田亜衣奈,楠田亜衣奈,楠田亜衣奈,カスタム名詞
海未,海未,海未,カスタム名詞
真姫,真姫,真姫,カスタム名詞
矢泽仁子,矢泽仁子,矢泽仁子,カスタム名詞
矢泽妮可,矢泽妮可,矢泽妮可,カスタム名詞
矢泽妮歌,矢泽妮歌,矢泽妮歌,カスタム名詞
矢泽日香,矢泽日香,矢泽日香,カスタム名詞
矢澤にこ,矢澤にこ,矢澤にこ,カスタム名詞
穂乃果,穂乃果,穂乃果,カスタム名詞
絢瀨繪里,絢瀨繪里,絢瀨繪里,カスタム名詞
絵里,絵里,絵里,カスタム名詞
花陽,花陽,花陽,カスタム名詞
西木野真姫,西木野真姫,西木野真姫,カスタム名詞
飯田里穂,飯田里穂,飯田里穂,カスタム名詞
高坂穂乃果,高坂穂乃果,高坂穂乃果,カスタム名詞
絢瀬絵里,絢瀬絵里,絢瀬絵里,カスタム名詞
凛ちゃん,凛ちゃん,凛ちゃん,カスタム名詞
花陽,花陽,花陽,カスタム名詞
ニコ,ニコ,ニコ,カスタム名詞
エリチ,エリチ,エリチ,カスタム名詞
ピカデリー,ピカデリー,ピカデリー,固有名詞
劇場特典,劇場特典,劇場特典,固有名詞
入場者特典,入場者特典,入場者特典,固有名詞
コンボセット,コンボセット,コンボセット,固有名詞
シリアルコード,シリアルコード,シリアルコード,固有名詞
ラブライブ！The School Idol Movie,ラブライブ！The School Idol Movie,ラブライブ！The School Idol Movie,固有名詞
ラブライブサンシャイン,ラブライブサンシャイン,ラブライブサンシャイン,固有名詞
ラブライブ劇場版,ラブライブ劇場版,ラブライブ劇場版,固有名詞
ラブライブ,ラブライブ,ラブライブ,固有名詞
ラブライバー,ラブライバー,ラブライバー,カスタム名詞
Lovelive,LoveLive,LoveLive,カスタム名詞
全員,全員,全員,除外名詞
定期,定期,定期,除外名詞
アアア,アアア,アアア,除外名詞
楽天,楽天,楽天,除外名詞
détruisait,détruisait,détruisait,除外名詞
リツイート,リツイート,リツイート,除外名詞
ツイート,リツイート,リツイート,除外名詞
スパブロ,スパブロ,スパブロ,除外名詞
秋葉原,秋葉原,秋葉原,除外名詞
akiba,akiba,akiba,除外名詞
秋葉,秋葉,秋葉,除外名詞




